"Guid","AccountId","AssistantName","AssistantPhone","Birthdate","Department","Description","Email","EmailBouncedReason","Fax","FirstName","HomePhone","Jigsaw","LastName","LeadSource","MailingCity","MailingCountry","MailingGeocodeAccuracy","MailingLatitude","MailingLongitude","MailingPostalCode","MailingState","MailingStreet","MobilePhone","OtherCity","OtherCountry","OtherGeocodeAccuracy","OtherLatitude","OtherLongitude","OtherPhone","OtherPostalCode","OtherState","OtherStreet","Phone","Salutation","Title"
049fcf3a-7073-4f5b-b411-8f55f6c5c125,"#N/A","#N/A","#N/A","#N/A","#N/A","#N/A","#N/A","#N/A","#N/A",Unav,"#N/A","#N/A",case,"#N/A","#N/A","#N/A","#N/A","#N/A","#N/A","#N/A","#N/A","#N/A","#N/A","#N/A","#N/A","#N/A","#N/A","#N/A","#N/A","#N/A","#N/A","#N/A","#N/A","#N/A","#N/A"
04fb6379-36c7-4e32-9732-cc7a89462a8e,"#N/A","#N/A","#N/A","#N/A","#N/A","#N/A","#N/A","#N/A","#N/A",Reveal,"#N/A","#N/A",Sam,"#N/A","#N/A","#N/A","#N/A","#N/A","#N/A","#N/A","#N/A","#N/A","#N/A","#N/A","#N/A","#N/A","#N/A","#N/A","#N/A","#N/A","#N/A","#N/A","#N/A","#N/A","#N/A"
0996290c-0fab-4916-87e5-25b667d43967,"#N/A","#N/A","#N/A","#N/A","#N/A","#N/A","#N/A","#N/A","#N/A",Unav,"#N/A","#N/A",case,"#N/A","#N/A","#N/A","#N/A","#N/A","#N/A","#N/A","#N/A","#N/A","#N/A","#N/A","#N/A","#N/A","#N/A","#N/A","#N/A","#N/A","#N/A","#N/A","#N/A","#N/A","#N/A"
114f7bd4-e9fb-4735-95c1-1c21b3700b1b,"#N/A","#N/A","#N/A","#N/A","#N/A","#N/A","#N/A","#N/A","#N/A",Unav,"#N/A","#N/A",case,"#N/A","#N/A","#N/A","#N/A","#N/A","#N/A","#N/A","#N/A","#N/A","#N/A","#N/A","#N/A","#N/A","#N/A","#N/A","#N/A","#N/A","#N/A","#N/A","#N/A","#N/A","#N/A"
196a991c-6844-46e3-87fb-47f087457ee5,31fcd1eb-7977-4cc1-9b31-5e75b26c00cc,"#N/A","#N/A","#N/A","#N/A","#N/A","#N/A","#N/A","#N/A",Yuva Kumar,"#N/A","#N/A",Sharma,"#N/A","#N/A","#N/A","#N/A","#N/A","#N/A","#N/A","#N/A","#N/A","#N/A","#N/A","#N/A","#N/A","#N/A","#N/A","#N/A","#N/A","#N/A","#N/A","#N/A","#N/A","#N/A"
23bd5274-5f52-43f4-a93b-45991c63a661,1427d136-fb43-4c8f-8270-f7fa3fb980cc,"#N/A","#N/A","#N/A","#N/A","#N/A","#N/A","#N/A","#N/A",Ramesh,"#N/A","#N/A",Srivastava,"#N/A","#N/A","#N/A","#N/A","#N/A","#N/A","#N/A","#N/A","#N/A","#N/A","#N/A","#N/A","#N/A","#N/A","#N/A","#N/A","#N/A","#N/A","#N/A","#N/A","#N/A","#N/A"
29192f58-450e-4368-9cf8-bc4037ef19cf,"#N/A","#N/A","#N/A","#N/A","#N/A","#N/A","#N/A","#N/A","#N/A",Unav,"#N/A","#N/A",case,"#N/A","#N/A","#N/A","#N/A","#N/A","#N/A","#N/A","#N/A","#N/A","#N/A","#N/A","#N/A","#N/A","#N/A","#N/A","#N/A","#N/A","#N/A","#N/A","#N/A","#N/A","#N/A"
2d1c39bf-6ad8-47c2-b4f8-e6317bf309cb,"#N/A","#N/A","#N/A","#N/A","#N/A","#N/A","#N/A","#N/A","#N/A",Nigam,"#N/A","#N/A",Sam,"#N/A","#N/A","#N/A","#N/A","#N/A","#N/A","#N/A","#N/A","#N/A","#N/A","#N/A","#N/A","#N/A","#N/A","#N/A","#N/A","#N/A","#N/A","#N/A","#N/A","#N/A","#N/A"
3a131f08-4cb8-47ae-99a0-e2263dda40d8,881108eb-3925-4761-9e0c-582e63befea8,"#N/A","#N/A","#N/A","#N/A","#N/A","#N/A","#N/A","#N/A",Manu,"#N/A","#N/A",Hada,"#N/A","#N/A","#N/A","#N/A","#N/A","#N/A","#N/A","#N/A","#N/A","#N/A","#N/A","#N/A","#N/A","#N/A","#N/A","#N/A","#N/A","#N/A","#N/A","#N/A","#N/A","#N/A"
4a7573ef-d508-46a9-8890-0e93fd6ad896,8cecae8c-54e4-4cd3-806d-38f554d8cb9e,"#N/A","#N/A","#N/A","#N/A","#N/A","#N/A","#N/A","#N/A",Rishabh,"#N/A","#N/A",Singh,"#N/A","#N/A","#N/A","#N/A","#N/A","#N/A","#N/A","#N/A","#N/A","#N/A","#N/A","#N/A","#N/A","#N/A","#N/A","#N/A","#N/A","#N/A","#N/A","#N/A","#N/A","#N/A"
6232b7c1-6a83-4254-ae25-93aababed5db,1b12026f-4aa9-4880-a845-150dde4d7ca1,"#N/A","#N/A","#N/A","#N/A","#N/A","#N/A","#N/A","#N/A",Rishabh,"#N/A","#N/A",Singh,"#N/A","#N/A","#N/A","#N/A","#N/A","#N/A","#N/A","#N/A","#N/A","#N/A","#N/A","#N/A","#N/A","#N/A","#N/A","#N/A","#N/A","#N/A","#N/A","#N/A","#N/A","#N/A"
671ac388-84ca-4d46-a036-ab056a6a9e70,28dcf2e5-6e67-44ec-8438-2449ebf695f2,"#N/A","#N/A","#N/A","#N/A","#N/A",vishnu@gmail.com,"#N/A",215165165564,vishnu,"#N/A","#N/A",Sharma,"#N/A",Jaipur,India,"#N/A","#N/A","#N/A",302020,rajasthan,Kalyan,(755) 456-8798,"#N/A","#N/A","#N/A","#N/A","#N/A","#N/A","#N/A","#N/A","#N/A",(965) 325-6897,Mr.,Manwild
6e8bb7d5-49ef-4224-b0b1-d9c8d6e5a3db,"#N/A","#N/A","#N/A","#N/A","#N/A","#N/A","#N/A","#N/A","#N/A",Unav,"#N/A","#N/A",case,"#N/A","#N/A","#N/A","#N/A","#N/A","#N/A","#N/A","#N/A","#N/A","#N/A","#N/A","#N/A","#N/A","#N/A","#N/A","#N/A","#N/A","#N/A","#N/A","#N/A","#N/A","#N/A"
78366cf0-698d-4669-b30f-0e1604212346,630faa66-2f3d-468c-ad06-85c2eb0f75f4,"#N/A","#N/A","#N/A","#N/A","#N/A",vishnu@gmail.com,"#N/A",215165165564,vishnu,"#N/A","#N/A",Sharma,"#N/A",Jaipur,India,"#N/A","#N/A","#N/A",302020,rajasthan,Kalyan,(755) 456-8798,"#N/A","#N/A","#N/A","#N/A","#N/A","#N/A","#N/A","#N/A","#N/A",(965) 325-6897,Mr.,Manwild
7c6d681b-1b21-4619-86c9-116d5e7ede1a,"#N/A","#N/A","#N/A","#N/A","#N/A","#N/A","#N/A","#N/A","#N/A",Unav,"#N/A","#N/A",case,"#N/A","#N/A","#N/A","#N/A","#N/A","#N/A","#N/A","#N/A","#N/A","#N/A","#N/A","#N/A","#N/A","#N/A","#N/A","#N/A","#N/A","#N/A","#N/A","#N/A","#N/A","#N/A"
87c89933-a63f-48b1-aa56-6a06cd4ffa2f,"#N/A","#N/A","#N/A","#N/A","#N/A","#N/A","#N/A","#N/A","#N/A",Nigam,"#N/A","#N/A",Sam,"#N/A","#N/A","#N/A","#N/A","#N/A","#N/A","#N/A","#N/A","#N/A","#N/A","#N/A","#N/A","#N/A","#N/A","#N/A","#N/A","#N/A","#N/A","#N/A","#N/A","#N/A","#N/A"
972ad2eb-1566-4f28-9719-c3e07b4edaac,8c9af15c-254a-4168-abc0-ef7d0f46d2d8,"#N/A","#N/A","#N/A","#N/A","#N/A","#N/A","#N/A","#N/A",Manu,"#N/A","#N/A",Hada,"#N/A","#N/A","#N/A","#N/A","#N/A","#N/A","#N/A","#N/A","#N/A","#N/A","#N/A","#N/A","#N/A","#N/A","#N/A","#N/A","#N/A","#N/A","#N/A","#N/A","#N/A","#N/A"
a45480fc-ae1b-4344-a0e7-6792437aaeca,"#N/A","#N/A","#N/A","#N/A","#N/A","#N/A","#N/A","#N/A","#N/A",Krish,"#N/A","#N/A",singh,"#N/A","#N/A","#N/A","#N/A","#N/A","#N/A","#N/A","#N/A","#N/A","#N/A","#N/A","#N/A","#N/A","#N/A","#N/A","#N/A","#N/A","#N/A","#N/A","#N/A","#N/A","#N/A"
a54833a4-bafd-456c-845a-e9b41ea92ee0,"#N/A","#N/A","#N/A","#N/A","#N/A","#N/A","#N/A","#N/A","#N/A",Krish,"#N/A","#N/A",singh,"#N/A","#N/A","#N/A","#N/A","#N/A","#N/A","#N/A","#N/A","#N/A","#N/A","#N/A","#N/A","#N/A","#N/A","#N/A","#N/A","#N/A","#N/A","#N/A","#N/A","#N/A","#N/A"
ca8f6487-0991-4f4d-9e88-ebb6d1de1335,aedb4ad2-f9ea-4dad-9c28-d84d695468f5,"#N/A","#N/A","#N/A","#N/A","#N/A","#N/A","#N/A","#N/A",Krishna,"#N/A","#N/A",Singh,"#N/A","#N/A","#N/A","#N/A","#N/A","#N/A","#N/A","#N/A","#N/A","#N/A","#N/A","#N/A","#N/A","#N/A","#N/A","#N/A","#N/A","#N/A","#N/A",(773) 748-2074,Mr.,"#N/A"
cebe0c9f-0f2b-436c-b52e-7c3509546e6d,"#N/A","#N/A","#N/A","#N/A","#N/A","#N/A","#N/A","#N/A","#N/A",Unav,"#N/A","#N/A",case,"#N/A","#N/A","#N/A","#N/A","#N/A","#N/A","#N/A","#N/A","#N/A","#N/A","#N/A","#N/A","#N/A","#N/A","#N/A","#N/A","#N/A","#N/A","#N/A","#N/A","#N/A","#N/A"
d0c07fd2-0e3a-4ad6-bf28-d0d613040ef9,"#N/A","#N/A","#N/A","#N/A","#N/A","#N/A","#N/A","#N/A","#N/A",Reveal,"#N/A","#N/A",Sam,"#N/A","#N/A","#N/A","#N/A","#N/A","#N/A","#N/A","#N/A","#N/A","#N/A","#N/A","#N/A","#N/A","#N/A","#N/A","#N/A","#N/A","#N/A","#N/A","#N/A","#N/A","#N/A"
d78fd4f4-630e-4866-9627-2589473e17f0,"#N/A","#N/A","#N/A","#N/A","#N/A","#N/A","#N/A","#N/A","#N/A",Unav,"#N/A","#N/A",case,"#N/A","#N/A","#N/A","#N/A","#N/A","#N/A","#N/A","#N/A","#N/A","#N/A","#N/A","#N/A","#N/A","#N/A","#N/A","#N/A","#N/A","#N/A","#N/A","#N/A","#N/A","#N/A"
db45cb66-aaf7-4e66-a6af-d8393f7b1b57,05b4576a-87cb-4c50-b5ca-7561c91943db,"#N/A","#N/A","#N/A","#N/A","#N/A","#N/A","#N/A","#N/A",Krishna,"#N/A","#N/A",Singh,"#N/A","#N/A","#N/A","#N/A","#N/A","#N/A","#N/A","#N/A","#N/A","#N/A","#N/A","#N/A","#N/A","#N/A","#N/A","#N/A","#N/A","#N/A","#N/A",(773) 748-2074,Mr.,"#N/A"
e56fd2e0-afa4-42e9-af17-8bf8ca1e58b0,90c8dfac-b825-4078-8963-2d8e481b9a2c,"#N/A","#N/A","#N/A","#N/A","#N/A","#N/A","#N/A","#N/A",Rishabh,"#N/A","#N/A",Singh,"#N/A","#N/A","#N/A","#N/A","#N/A","#N/A","#N/A","#N/A","#N/A","#N/A","#N/A","#N/A","#N/A","#N/A","#N/A","#N/A","#N/A","#N/A","#N/A","#N/A","#N/A","#N/A"
e5d9bd78-699c-4a34-ab42-09b5ba6e3caf,27790e15-9070-4fda-8366-56402c1e9817,"#N/A","#N/A","#N/A","#N/A","#N/A","#N/A","#N/A","#N/A",Yuva Kumar,"#N/A","#N/A",Sharma,"#N/A","#N/A","#N/A","#N/A","#N/A","#N/A","#N/A","#N/A","#N/A","#N/A","#N/A","#N/A","#N/A","#N/A","#N/A","#N/A","#N/A","#N/A","#N/A","#N/A","#N/A","#N/A"
